<?xml version="1.0"?>
<xqx:module xmlns:xqx="http://www.w3.org/2005/XQueryX"
            xmlns:xsi="http://www.w3.org/2001/XMLSchema-instance"
            xsi:schemaLocation="http://www.w3.org/2005/XQueryX
                                http://www.w3.org/2005/XQueryX/xqueryx.xsd">
  <xqx:mainModule>
    <xqx:queryBody>
      <xqx:flworExpr>
        <xqx:forClause>
          <xqx:forClauseItem>
            <xqx:typedVariableBinding>
              <xqx:varName>x</xqx:varName>
            </xqx:typedVariableBinding>
            <xqx:forExpr>
              <xqx:functionCallExpr>
                <xqx:functionName xqx:prefix="xs">string</xqx:functionName>
                <xqx:arguments>
                  <xqx:functionCallExpr>
                    <xqx:functionName>zero-or-one</xqx:functionName>
                    <xqx:arguments>
                      <xqx:pathExpr>
                        <xqx:stepExpr>
                          <xqx:filterExpr>
                            <xqx:sequenceExpr>
                              <xqx:rangeSequenceExpr>
                                <xqx:startExpr>
                                  <xqx:integerConstantExpr>
                                    <xqx:value>1</xqx:value>
                                  </xqx:integerConstantExpr>
                                </xqx:startExpr>
                                <xqx:endExpr>
                                  <xqx:integerConstantExpr>
                                    <xqx:value>10</xqx:value>
                                  </xqx:integerConstantExpr>
                                </xqx:endExpr>
                              </xqx:rangeSequenceExpr>
                            </xqx:sequenceExpr>
                          </xqx:filterExpr>
                          <xqx:predicates>
                            <xqx:equalOp>
                              <xqx:firstOperand>
                                <xqx:modOp>
                                  <xqx:firstOperand>
                                    <xqx:contextItemExpr/>
                                  </xqx:firstOperand>
                                  <xqx:secondOperand>
                                    <xqx:integerConstantExpr>
                                      <xqx:value>2</xqx:value>
                                    </xqx:integerConstantExpr>
                                  </xqx:secondOperand>
                                </xqx:modOp>
                              </xqx:firstOperand>
                              <xqx:secondOperand>
                                <xqx:unaryMinusOp>
                                  <xqx:operand>
                                    <xqx:integerConstantExpr>
                                      <xqx:value>1</xqx:value>
                                    </xqx:integerConstantExpr>
                                  </xqx:operand>
                                </xqx:unaryMinusOp>
                              </xqx:secondOperand>
                            </xqx:equalOp>
                          </xqx:predicates>
                        </xqx:stepExpr>
                      </xqx:pathExpr>
                    </xqx:arguments>
                  </xqx:functionCallExpr>
                </xqx:arguments>
              </xqx:functionCallExpr>
            </xqx:forExpr>
          </xqx:forClauseItem>
        </xqx:forClause>
        <xqx:returnClause>
          <xqx:functionCallExpr>
            <xqx:functionName>tokenize</xqx:functionName>
            <xqx:arguments>
              <xqx:varRef>
                <xqx:name>x</xqx:name>
              </xqx:varRef>
              <xqx:stringConstantExpr>
                <xqx:value>,</xqx:value>
              </xqx:stringConstantExpr>
            </xqx:arguments>
          </xqx:functionCallExpr>
        </xqx:returnClause>
      </xqx:flworExpr>
    </xqx:queryBody>
  </xqx:mainModule>
</xqx:module>
