<?xml version="1.0"?>
<xqx:module xmlns:xqx="http://www.w3.org/2005/XQueryX"
            xmlns:xsi="http://www.w3.org/2001/XMLSchema-instance"
            xsi:schemaLocation="http://www.w3.org/2005/XQueryX
                                http://www.w3.org/2005/XQueryX/xqueryx.xsd">
  <xqx:mainModule>
    <xqx:queryBody>
      <xqx:functionCallExpr>
        <xqx:functionName>tokenize</xqx:functionName>
        <xqx:arguments>
          <xqx:functionCallExpr>
            <xqx:functionName>string-join</xqx:functionName>
            <xqx:arguments>
              <xqx:flworExpr>
                <xqx:forClause>
                  <xqx:forClauseItem>
                    <xqx:typedVariableBinding>
                      <xqx:varName>x</xqx:varName>
                    </xqx:typedVariableBinding>
                    <xqx:forExpr>
                      <xqx:pathExpr>
                        <xqx:stepExpr>
                          <xqx:filterExpr>
                            <xqx:sequenceExpr>
                              <xqx:rangeSequenceExpr>
                                <xqx:startExpr>
                                  <xqx:integerConstantExpr>
                                    <xqx:value>1</xqx:value>
                                  </xqx:integerConstantExpr>
                                </xqx:startExpr>
                                <xqx:endExpr>
                                  <xqx:integerConstantExpr>
                                    <xqx:value>10</xqx:value>
                                  </xqx:integerConstantExpr>
                                </xqx:endExpr>
                              </xqx:rangeSequenceExpr>
                            </xqx:sequenceExpr>
                          </xqx:filterExpr>
                          <xqx:predicates>
                            <xqx:lessThanOp>
                              <xqx:firstOperand>
                                <xqx:modOp>
                                  <xqx:firstOperand>
                                    <xqx:contextItemExpr/>
                                  </xqx:firstOperand>
                                  <xqx:secondOperand>
                                    <xqx:integerConstantExpr>
                                      <xqx:value>2</xqx:value>
                                    </xqx:integerConstantExpr>
                                  </xqx:secondOperand>
                                </xqx:modOp>
                              </xqx:firstOperand>
                              <xqx:secondOperand>
                                <xqx:integerConstantExpr>
                                  <xqx:value>0</xqx:value>
                                </xqx:integerConstantExpr>
                              </xqx:secondOperand>
                            </xqx:lessThanOp>
                          </xqx:predicates>
                        </xqx:stepExpr>
                      </xqx:pathExpr>
                    </xqx:forExpr>
                  </xqx:forClauseItem>
                </xqx:forClause>
                <xqx:returnClause>
                  <xqx:functionCallExpr>
                    <xqx:functionName>string</xqx:functionName>
                    <xqx:arguments>
                      <xqx:varRef>
                        <xqx:name>x</xqx:name>
                      </xqx:varRef>
                    </xqx:arguments>
                  </xqx:functionCallExpr>
                </xqx:returnClause>
              </xqx:flworExpr>
              <xqx:stringConstantExpr>
                <xqx:value>,</xqx:value>
              </xqx:stringConstantExpr>
            </xqx:arguments>
          </xqx:functionCallExpr>
          <xqx:stringConstantExpr>
            <xqx:value>,</xqx:value>
          </xqx:stringConstantExpr>
        </xqx:arguments>
      </xqx:functionCallExpr>
    </xqx:queryBody>
  </xqx:mainModule>
</xqx:module>
