<?xml version="1.0"?>
<xqx:module xmlns:xqx="http://www.w3.org/2005/XQueryX"
            xmlns:xsi="http://www.w3.org/2001/XMLSchema-instance"
            xsi:schemaLocation="http://www.w3.org/2005/XQueryX
                                http://www.w3.org/2005/XQueryX/xqueryx.xsd">
  <xqx:mainModule>
    <xqx:queryBody>
      <xqx:functionCallExpr>
        <xqx:functionName xqx:prefix="fn">tokenize</xqx:functionName>
        <xqx:arguments>
          <xqx:functionCallExpr>
            <xqx:functionName>concat</xqx:functionName>
            <xqx:arguments>
              <xqx:stringConstantExpr>
                <xqx:value>Mary</xqx:value>
              </xqx:stringConstantExpr>
              <xqx:functionCallExpr>
                <xqx:functionName>codepoints-to-string</xqx:functionName>
                <xqx:arguments>
                  <xqx:integerConstantExpr>
                    <xqx:value>13</xqx:value>
                  </xqx:integerConstantExpr>
                </xqx:arguments>
              </xqx:functionCallExpr>
              <xqx:stringConstantExpr>
                <xqx:value>Jones</xqx:value>
              </xqx:stringConstantExpr>
            </xqx:arguments>
          </xqx:functionCallExpr>
          <xqx:stringConstantExpr>
            <xqx:value>y.J</xqx:value>
          </xqx:stringConstantExpr>
        </xqx:arguments>
      </xqx:functionCallExpr>
    </xqx:queryBody>
  </xqx:mainModule>
</xqx:module>
