<?xml version="1.0"?>
<xqx:module xmlns:xqx="http://www.w3.org/2005/XQueryX"
            xmlns:xsi="http://www.w3.org/2001/XMLSchema-instance"
            xsi:schemaLocation="http://www.w3.org/2005/XQueryX
                                http://www.w3.org/2005/XQueryX/xqueryx.xsd">
  <xqx:mainModule>
    <xqx:queryBody>
      <xqx:sequenceExpr>
        <xqx:functionCallExpr>
          <xqx:functionName>deep-equal</xqx:functionName>
          <xqx:arguments>
            <xqx:functionCallExpr>
              <xqx:functionName xqx:prefix="fn">tokenize</xqx:functionName>
              <xqx:arguments>
                <xqx:stringConstantExpr>
                  <xqx:value>The cat sat on the mat</xqx:value>
                </xqx:stringConstantExpr>
                <xqx:stringConstantExpr>
                  <xqx:value>\s+</xqx:value>
                </xqx:stringConstantExpr>
              </xqx:arguments>
            </xqx:functionCallExpr>
            <xqx:sequenceExpr>
              <xqx:stringConstantExpr>
                <xqx:value>The</xqx:value>
              </xqx:stringConstantExpr>
              <xqx:stringConstantExpr>
                <xqx:value>cat</xqx:value>
              </xqx:stringConstantExpr>
              <xqx:stringConstantExpr>
                <xqx:value>sat</xqx:value>
              </xqx:stringConstantExpr>
              <xqx:stringConstantExpr>
                <xqx:value>on</xqx:value>
              </xqx:stringConstantExpr>
              <xqx:stringConstantExpr>
                <xqx:value>the</xqx:value>
              </xqx:stringConstantExpr>
              <xqx:stringConstantExpr>
                <xqx:value>mat</xqx:value>
              </xqx:stringConstantExpr>
            </xqx:sequenceExpr>
          </xqx:arguments>
        </xqx:functionCallExpr>
        <xqx:functionCallExpr>
          <xqx:functionName>count</xqx:functionName>
          <xqx:arguments>
            <xqx:functionCallExpr>
              <xqx:functionName xqx:prefix="fn">tokenize</xqx:functionName>
              <xqx:arguments>
                <xqx:stringConstantExpr>
                  <xqx:value>The cat sat on the mat</xqx:value>
                </xqx:stringConstantExpr>
                <xqx:stringConstantExpr>
                  <xqx:value>\s+</xqx:value>
                </xqx:stringConstantExpr>
              </xqx:arguments>
            </xqx:functionCallExpr>
          </xqx:arguments>
        </xqx:functionCallExpr>
        <xqx:functionCallExpr>
          <xqx:functionName>count</xqx:functionName>
          <xqx:arguments>
            <xqx:functionCallExpr>
              <xqx:functionName xqx:prefix="fn">tokenize</xqx:functionName>
              <xqx:arguments>
                <xqx:stringConstantExpr>
                  <xqx:value> The cat sat on the mat </xqx:value>
                </xqx:stringConstantExpr>
                <xqx:stringConstantExpr>
                  <xqx:value>\s+</xqx:value>
                </xqx:stringConstantExpr>
              </xqx:arguments>
            </xqx:functionCallExpr>
          </xqx:arguments>
        </xqx:functionCallExpr>
        <xqx:functionCallExpr>
          <xqx:functionName xqx:prefix="fn">tokenize</xqx:functionName>
          <xqx:arguments>
            <xqx:stringConstantExpr>
              <xqx:value>The cat sat on the mat</xqx:value>
            </xqx:stringConstantExpr>
            <xqx:stringConstantExpr>
              <xqx:value>\s+</xqx:value>
            </xqx:stringConstantExpr>
          </xqx:arguments>
        </xqx:functionCallExpr>
      </xqx:sequenceExpr>
    </xqx:queryBody>
  </xqx:mainModule>
</xqx:module>
