<?xml version="1.0"?>
<xqx:module xmlns:xqx="http://www.w3.org/2005/XQueryX"
            xmlns:xsi="http://www.w3.org/2001/XMLSchema-instance"
            xsi:schemaLocation="http://www.w3.org/2005/XQueryX
                                http://www.w3.org/2005/XQueryX/xqueryx.xsd">
  <xqx:mainModule>
    <xqx:queryBody>
      <xqx:sequenceExpr>
        <xqx:functionCallExpr>
          <xqx:functionName>count</xqx:functionName>
          <xqx:arguments>
            <xqx:functionCallExpr>
              <xqx:functionName>tokenize</xqx:functionName>
              <xqx:arguments>
                <xqx:stringConstantExpr>
                  <xqx:value>a b</xqx:value>
                </xqx:stringConstantExpr>
                <xqx:stringConstantExpr>
                  <xqx:value> </xqx:value>
                </xqx:stringConstantExpr>
              </xqx:arguments>
            </xqx:functionCallExpr>
          </xqx:arguments>
        </xqx:functionCallExpr>
        <xqx:functionCallExpr>
          <xqx:functionName>count</xqx:functionName>
          <xqx:arguments>
            <xqx:functionCallExpr>
              <xqx:functionName>tokenize</xqx:functionName>
              <xqx:arguments>
                <xqx:stringConstantExpr>
                  <xqx:value>a b</xqx:value>
                </xqx:stringConstantExpr>
                <xqx:stringConstantExpr>
                  <xqx:value>\s</xqx:value>
                </xqx:stringConstantExpr>
              </xqx:arguments>
            </xqx:functionCallExpr>
          </xqx:arguments>
        </xqx:functionCallExpr>
        <xqx:functionCallExpr>
          <xqx:functionName>string-join</xqx:functionName>
          <xqx:arguments>
            <xqx:functionCallExpr>
              <xqx:functionName>tokenize</xqx:functionName>
              <xqx:arguments>
                <xqx:stringConstantExpr>
                  <xqx:value>a b</xqx:value>
                </xqx:stringConstantExpr>
                <xqx:stringConstantExpr>
                  <xqx:value> </xqx:value>
                </xqx:stringConstantExpr>
              </xqx:arguments>
            </xqx:functionCallExpr>
            <xqx:stringConstantExpr>
              <xqx:value>|</xqx:value>
            </xqx:stringConstantExpr>
          </xqx:arguments>
        </xqx:functionCallExpr>
        <xqx:functionCallExpr>
          <xqx:functionName>string-join</xqx:functionName>
          <xqx:arguments>
            <xqx:functionCallExpr>
              <xqx:functionName>tokenize</xqx:functionName>
              <xqx:arguments>
                <xqx:stringConstantExpr>
                  <xqx:value>a b</xqx:value>
                </xqx:stringConstantExpr>
                <xqx:stringConstantExpr>
                  <xqx:value>\s</xqx:value>
                </xqx:stringConstantExpr>
              </xqx:arguments>
            </xqx:functionCallExpr>
            <xqx:stringConstantExpr>
              <xqx:value>|</xqx:value>
            </xqx:stringConstantExpr>
          </xqx:arguments>
        </xqx:functionCallExpr>
        <xqx:functionCallExpr>
          <xqx:functionName>tokenize</xqx:functionName>
          <xqx:arguments>
            <xqx:stringConstantExpr>
              <xqx:value>a b</xqx:value>
            </xqx:stringConstantExpr>
            <xqx:stringConstantExpr>
              <xqx:value> </xqx:value>
            </xqx:stringConstantExpr>
          </xqx:arguments>
        </xqx:functionCallExpr>
        <xqx:functionCallExpr>
          <xqx:functionName>tokenize</xqx:functionName>
          <xqx:arguments>
            <xqx:stringConstantExpr>
              <xqx:value>a b</xqx:value>
            </xqx:stringConstantExpr>
            <xqx:stringConstantExpr>
              <xqx:value>\s</xqx:value>
            </xqx:stringConstantExpr>
          </xqx:arguments>
        </xqx:functionCallExpr>
      </xqx:sequenceExpr>
    </xqx:queryBody>
  </xqx:mainModule>
</xqx:module>
