<?xml version="1.0"?>
<xqx:module xmlns:xqx="http://www.w3.org/2005/XQueryX"
            xmlns:xsi="http://www.w3.org/2001/XMLSchema-instance"
            xsi:schemaLocation="http://www.w3.org/2005/XQueryX
                                http://www.w3.org/2005/XQueryX/xqueryx.xsd">
  <xqx:mainModule>
    <xqx:queryBody>
      <xqx:pathExpr>
        <xqx:stepExpr>
          <xqx:filterExpr>
            <xqx:functionCallExpr>
              <xqx:functionName xqx:prefix="fn">tokenize</xqx:functionName>
              <xqx:arguments>
                <xqx:treatExpr>
                  <xqx:argExpr>
                    <xqx:pathExpr>
                      <xqx:stepExpr>
                        <xqx:filterExpr>
                          <xqx:sequenceExpr>
                            <xqx:sequenceExpr>
                              <xqx:stringConstantExpr>
                                <xqx:value>abracadabra</xqx:value>
                              </xqx:stringConstantExpr>
                              <xqx:functionCallExpr>
                                <xqx:functionName>current-time</xqx:functionName>
                                <xqx:arguments>
                                </xqx:arguments>
                              </xqx:functionCallExpr>
                            </xqx:sequenceExpr>
                          </xqx:sequenceExpr>
                        </xqx:filterExpr>
                        <xqx:predicates>
                          <xqx:integerConstantExpr>
                            <xqx:value>1</xqx:value>
                          </xqx:integerConstantExpr>
                        </xqx:predicates>
                      </xqx:stepExpr>
                    </xqx:pathExpr>
                  </xqx:argExpr>
                  <xqx:sequenceType>
                    <xqx:atomicType xqx:prefix="xs">string</xqx:atomicType>
                  </xqx:sequenceType>
                </xqx:treatExpr>
                <xqx:stringConstantExpr>
                  <xqx:value>(ab)|(a)</xqx:value>
                </xqx:stringConstantExpr>
              </xqx:arguments>
            </xqx:functionCallExpr>
          </xqx:filterExpr>
          <xqx:predicates>
            <xqx:subtractOp>
              <xqx:firstOperand>
                <xqx:functionCallExpr>
                  <xqx:functionName>last</xqx:functionName>
                  <xqx:arguments>
                  </xqx:arguments>
                </xqx:functionCallExpr>
              </xqx:firstOperand>
              <xqx:secondOperand>
                <xqx:integerConstantExpr>
                  <xqx:value>3</xqx:value>
                </xqx:integerConstantExpr>
              </xqx:secondOperand>
            </xqx:subtractOp>
          </xqx:predicates>
        </xqx:stepExpr>
      </xqx:pathExpr>
    </xqx:queryBody>
  </xqx:mainModule>
</xqx:module>
