<?xml version="1.0"?>
<xqx:module xmlns:xqx="http://www.w3.org/2005/XQueryX"
            xmlns:xsi="http://www.w3.org/2001/XMLSchema-instance"
            xsi:schemaLocation="http://www.w3.org/2005/XQueryX
                                http://www.w3.org/2005/XQueryX/xqueryx.xsd">
  <xqx:mainModule>
    <xqx:prolog>
      <xqx:functionDecl>
        <xqx:functionName xqx:prefix="local">timezone</xqx:functionName>
        <xqx:paramList>
          <xqx:param>
            <xqx:varName>arg</xqx:varName>
            <xqx:typeDeclaration>
              <xqx:atomicType xqx:prefix="xs">integer</xqx:atomicType>
            </xqx:typeDeclaration>
          </xqx:param>
        </xqx:paramList>
        <xqx:functionBody>
          <xqx:ifThenElseExpr>
            <xqx:ifClause>
              <xqx:gtOp>
                <xqx:firstOperand>
                  <xqx:varRef>
                    <xqx:name>arg</xqx:name>
                  </xqx:varRef>
                </xqx:firstOperand>
                <xqx:secondOperand>
                  <xqx:integerConstantExpr>
                    <xqx:value>0</xqx:value>
                  </xqx:integerConstantExpr>
                </xqx:secondOperand>
              </xqx:gtOp>
            </xqx:ifClause>
            <xqx:thenClause>
              <xqx:functionCallExpr>
                <xqx:functionName xqx:prefix="xs">dayTimeDuration</xqx:functionName>
                <xqx:arguments>
                  <xqx:functionCallExpr>
                    <xqx:functionName>concat</xqx:functionName>
                    <xqx:arguments>
                      <xqx:stringConstantExpr>
                        <xqx:value>PT</xqx:value>
                      </xqx:stringConstantExpr>
                      <xqx:varRef>
                        <xqx:name>arg</xqx:name>
                      </xqx:varRef>
                      <xqx:stringConstantExpr>
                        <xqx:value>H</xqx:value>
                      </xqx:stringConstantExpr>
                    </xqx:arguments>
                  </xqx:functionCallExpr>
                </xqx:arguments>
              </xqx:functionCallExpr>
            </xqx:thenClause>
            <xqx:elseClause>
              <xqx:ifThenElseExpr>
                <xqx:ifClause>
                  <xqx:ltOp>
                    <xqx:firstOperand>
                      <xqx:varRef>
                        <xqx:name>arg</xqx:name>
                      </xqx:varRef>
                    </xqx:firstOperand>
                    <xqx:secondOperand>
                      <xqx:integerConstantExpr>
                        <xqx:value>0</xqx:value>
                      </xqx:integerConstantExpr>
                    </xqx:secondOperand>
                  </xqx:ltOp>
                </xqx:ifClause>
                <xqx:thenClause>
                  <xqx:functionCallExpr>
                    <xqx:functionName xqx:prefix="xs">dayTimeDuration</xqx:functionName>
                    <xqx:arguments>
                      <xqx:functionCallExpr>
                        <xqx:functionName>concat</xqx:functionName>
                        <xqx:arguments>
                          <xqx:stringConstantExpr>
                            <xqx:value>-PT</xqx:value>
                          </xqx:stringConstantExpr>
                          <xqx:unaryMinusOp>
                            <xqx:operand>
                              <xqx:varRef>
                                <xqx:name>arg</xqx:name>
                              </xqx:varRef>
                            </xqx:operand>
                          </xqx:unaryMinusOp>
                          <xqx:stringConstantExpr>
                            <xqx:value>H</xqx:value>
                          </xqx:stringConstantExpr>
                        </xqx:arguments>
                      </xqx:functionCallExpr>
                    </xqx:arguments>
                  </xqx:functionCallExpr>
                </xqx:thenClause>
                <xqx:elseClause>
                  <xqx:functionCallExpr>
                    <xqx:functionName xqx:prefix="xs">dayTimeDuration</xqx:functionName>
                    <xqx:arguments>
                      <xqx:stringConstantExpr>
                        <xqx:value>PT0H</xqx:value>
                      </xqx:stringConstantExpr>
                    </xqx:arguments>
                  </xqx:functionCallExpr>
                </xqx:elseClause>
              </xqx:ifThenElseExpr>
            </xqx:elseClause>
          </xqx:ifThenElseExpr>
        </xqx:functionBody>
      </xqx:functionDecl>
    </xqx:prolog>
    <xqx:queryBody>
      <xqx:functionCallExpr>
        <xqx:functionName>timezone-from-date</xqx:functionName>
        <xqx:arguments>
          <xqx:functionCallExpr>
            <xqx:functionName>adjust-date-to-timezone</xqx:functionName>
            <xqx:arguments>
              <xqx:functionCallExpr>
                <xqx:functionName xqx:prefix="fn">current-date</xqx:functionName>
                <xqx:arguments>
                </xqx:arguments>
              </xqx:functionCallExpr>
              <xqx:functionCallExpr>
                <xqx:functionName xqx:prefix="local">timezone</xqx:functionName>
                <xqx:arguments>
                  <xqx:integerConstantExpr>
                    <xqx:value>15</xqx:value>
                  </xqx:integerConstantExpr>
                </xqx:arguments>
              </xqx:functionCallExpr>
            </xqx:arguments>
          </xqx:functionCallExpr>
        </xqx:arguments>
      </xqx:functionCallExpr>
    </xqx:queryBody>
  </xqx:mainModule>
</xqx:module>
