<?xml version="1.0"?>
<xqx:module xmlns:xqx="http://www.w3.org/2005/XQueryX"
            xmlns:xsi="http://www.w3.org/2001/XMLSchema-instance"
            xsi:schemaLocation="http://www.w3.org/2005/XQueryX
                                http://www.w3.org/2005/XQueryX/xqueryx.xsd">
  <xqx:mainModule>
    <xqx:prolog>
      <xqx:functionDecl>
        <xqx:functionName xqx:prefix="local">dateTime</xqx:functionName>
        <xqx:paramList>
          <xqx:param>
            <xqx:varName>arg</xqx:varName>
            <xqx:typeDeclaration>
              <xqx:atomicType xqx:prefix="xs">boolean</xqx:atomicType>
            </xqx:typeDeclaration>
          </xqx:param>
        </xqx:paramList>
        <xqx:functionBody>
          <xqx:ifThenElseExpr>
            <xqx:ifClause>
              <xqx:varRef>
                <xqx:name>arg</xqx:name>
              </xqx:varRef>
            </xqx:ifClause>
            <xqx:thenClause>
              <xqx:functionCallExpr>
                <xqx:functionName xqx:prefix="xs">dateTime</xqx:functionName>
                <xqx:arguments>
                  <xqx:stringConstantExpr>
                    <xqx:value>1970-01-01T00:00:00Z</xqx:value>
                  </xqx:stringConstantExpr>
                </xqx:arguments>
              </xqx:functionCallExpr>
            </xqx:thenClause>
            <xqx:elseClause>
              <xqx:functionCallExpr>
                <xqx:functionName xqx:prefix="fn">current-dateTime</xqx:functionName>
                <xqx:arguments>
                </xqx:arguments>
              </xqx:functionCallExpr>
            </xqx:elseClause>
          </xqx:ifThenElseExpr>
        </xqx:functionBody>
      </xqx:functionDecl>
    </xqx:prolog>
    <xqx:queryBody>
      <xqx:functionCallExpr>
        <xqx:functionName>timezone-from-date</xqx:functionName>
        <xqx:arguments>
          <xqx:functionCallExpr>
            <xqx:functionName>adjust-date-to-timezone</xqx:functionName>
            <xqx:arguments>
              <xqx:functionCallExpr>
                <xqx:functionName xqx:prefix="xs">date</xqx:functionName>
                <xqx:arguments>
                  <xqx:stringConstantExpr>
                    <xqx:value>2008-08-01</xqx:value>
                  </xqx:stringConstantExpr>
                </xqx:arguments>
              </xqx:functionCallExpr>
              <xqx:functionCallExpr>
                <xqx:functionName>timezone-from-dateTime</xqx:functionName>
                <xqx:arguments>
                  <xqx:functionCallExpr>
                    <xqx:functionName xqx:prefix="local">dateTime</xqx:functionName>
                    <xqx:arguments>
                      <xqx:functionCallExpr>
                        <xqx:functionName>true</xqx:functionName>
                        <xqx:arguments>
                        </xqx:arguments>
                      </xqx:functionCallExpr>
                    </xqx:arguments>
                  </xqx:functionCallExpr>
                </xqx:arguments>
              </xqx:functionCallExpr>
            </xqx:arguments>
          </xqx:functionCallExpr>
        </xqx:arguments>
      </xqx:functionCallExpr>
    </xqx:queryBody>
  </xqx:mainModule>
</xqx:module>
