<?xml version="1.0"?>
<xqx:module xmlns:xqx="http://www.w3.org/2005/XQueryX"
            xmlns:xsi="http://www.w3.org/2001/XMLSchema-instance"
            xsi:schemaLocation="http://www.w3.org/2005/XQueryX
                                http://www.w3.org/2005/XQueryX/xqueryx.xsd">
  <xqx:mainModule>
    <xqx:queryBody>
      <xqx:functionCallExpr>
        <xqx:functionName xqx:prefix="fn">boolean</xqx:functionName>
        <xqx:arguments>
          <xqx:functionCallExpr>
            <xqx:functionName xqx:prefix="fn">string</xqx:functionName>
            <xqx:arguments>
              <xqx:functionCallExpr>
                <xqx:functionName xqx:prefix="fn">timezone-from-date</xqx:functionName>
                <xqx:arguments>
                  <xqx:functionCallExpr>
                    <xqx:functionName xqx:prefix="xs">date</xqx:functionName>
                    <xqx:arguments>
                      <xqx:stringConstantExpr>
                        <xqx:value>1970-01-02+10:00</xqx:value>
                      </xqx:stringConstantExpr>
                    </xqx:arguments>
                  </xqx:functionCallExpr>
                </xqx:arguments>
              </xqx:functionCallExpr>
            </xqx:arguments>
          </xqx:functionCallExpr>
        </xqx:arguments>
      </xqx:functionCallExpr>
    </xqx:queryBody>
  </xqx:mainModule>
</xqx:module>
