<?xml version="1.0"?>
<xqx:module xmlns:xqx="http://www.w3.org/2005/XQueryX"
            xmlns:xsi="http://www.w3.org/2001/XMLSchema-instance"
            xsi:schemaLocation="http://www.w3.org/2005/XQueryX
                                http://www.w3.org/2005/XQueryX/xqueryx.xsd">
  <xqx:mainModule>
    <xqx:queryBody>
      <xqx:functionCallExpr>
        <xqx:functionName xqx:prefix="fn">exists</xqx:functionName>
        <xqx:arguments>
          <xqx:namedFunctionRef>
            <xqx:functionName xqx:prefix="fn">unparsed-text-available</xqx:functionName>
            <xqx:integerConstantExpr>
              <xqx:value>1</xqx:value>
            </xqx:integerConstantExpr>
          </xqx:namedFunctionRef>
        </xqx:arguments>
      </xqx:functionCallExpr>
    </xqx:queryBody>
  </xqx:mainModule>
</xqx:module>
