<?xml version="1.0"?>
<xqx:module xmlns:xqx="http://www.w3.org/2005/XQueryX"
            xmlns:xsi="http://www.w3.org/2001/XMLSchema-instance"
            xsi:schemaLocation="http://www.w3.org/2005/XQueryX
                                http://www.w3.org/2005/XQueryX/xqueryx.xsd">
  <xqx:mainModule>
    <xqx:queryBody>
      <xqx:sequenceExpr>
        <xqx:functionCallExpr>
          <xqx:functionName xqx:prefix="fn">unparsed-text</xqx:functionName>
          <xqx:arguments>
            <xqx:ifThenElseExpr>
              <xqx:ifClause>
                <xqx:eqOp>
                  <xqx:firstOperand>
                    <xqx:functionCallExpr>
                      <xqx:functionName>current-date</xqx:functionName>
                      <xqx:arguments>
                      </xqx:arguments>
                    </xqx:functionCallExpr>
                  </xqx:firstOperand>
                  <xqx:secondOperand>
                    <xqx:functionCallExpr>
                      <xqx:functionName xqx:prefix="xs">date</xqx:functionName>
                      <xqx:arguments>
                        <xqx:stringConstantExpr>
                          <xqx:value>1900-01-01</xqx:value>
                        </xqx:stringConstantExpr>
                      </xqx:arguments>
                    </xqx:functionCallExpr>
                  </xqx:secondOperand>
                </xqx:eqOp>
              </xqx:ifClause>
              <xqx:thenClause>
                <xqx:stringConstantExpr>
                  <xqx:value>http://www.w3.org/fots/unparsed-text/text-plain-utf-8.txt</xqx:value>
                </xqx:stringConstantExpr>
              </xqx:thenClause>
              <xqx:elseClause>
                <xqx:integerConstantExpr>
                  <xqx:value>1</xqx:value>
                </xqx:integerConstantExpr>
              </xqx:elseClause>
            </xqx:ifThenElseExpr>
          </xqx:arguments>
        </xqx:functionCallExpr>
        <xqx:functionCallExpr>
          <xqx:functionName xqx:prefix="fn">unparsed-text</xqx:functionName>
          <xqx:arguments>
            <xqx:ifThenElseExpr>
              <xqx:ifClause>
                <xqx:eqOp>
                  <xqx:firstOperand>
                    <xqx:functionCallExpr>
                      <xqx:functionName>current-date</xqx:functionName>
                      <xqx:arguments>
                      </xqx:arguments>
                    </xqx:functionCallExpr>
                  </xqx:firstOperand>
                  <xqx:secondOperand>
                    <xqx:functionCallExpr>
                      <xqx:functionName xqx:prefix="xs">date</xqx:functionName>
                      <xqx:arguments>
                        <xqx:stringConstantExpr>
                          <xqx:value>1900-01-01</xqx:value>
                        </xqx:stringConstantExpr>
                      </xqx:arguments>
                    </xqx:functionCallExpr>
                  </xqx:secondOperand>
                </xqx:eqOp>
              </xqx:ifClause>
              <xqx:thenClause>
                <xqx:integerConstantExpr>
                  <xqx:value>1</xqx:value>
                </xqx:integerConstantExpr>
              </xqx:thenClause>
              <xqx:elseClause>
                <xqx:stringConstantExpr>
                  <xqx:value>http://www.w3.org/fots/unparsed-text/text-plain-utf-8.txt</xqx:value>
                </xqx:stringConstantExpr>
              </xqx:elseClause>
            </xqx:ifThenElseExpr>
          </xqx:arguments>
        </xqx:functionCallExpr>
      </xqx:sequenceExpr>
    </xqx:queryBody>
  </xqx:mainModule>
</xqx:module>
