<?xml version="1.0"?>
<xqx:module xmlns:xqx="http://www.w3.org/2005/XQueryX"
            xmlns:xsi="http://www.w3.org/2001/XMLSchema-instance"
            xsi:schemaLocation="http://www.w3.org/2005/XQueryX
                                http://www.w3.org/2005/XQueryX/xqueryx.xsd">
  <xqx:mainModule>
    <xqx:queryBody>
      <xqx:pathExpr>
        <xqx:stepExpr>
          <xqx:filterExpr>
            <xqx:sequenceExpr>
              <xqx:sequenceExpr>
                <xqx:integerConstantExpr>
                  <xqx:value>1</xqx:value>
                </xqx:integerConstantExpr>
                <xqx:functionCallExpr>
                  <xqx:functionName xqx:prefix="fn">unparsed-text</xqx:functionName>
                  <xqx:arguments>
                    <xqx:stringConstantExpr>
                      <xqx:value>http://www.w3.org/fots/unparsed-text/does-not-exist.txt</xqx:value>
                    </xqx:stringConstantExpr>
                  </xqx:arguments>
                </xqx:functionCallExpr>
              </xqx:sequenceExpr>
            </xqx:sequenceExpr>
          </xqx:filterExpr>
          <xqx:predicates>
            <xqx:integerConstantExpr>
              <xqx:value>1</xqx:value>
            </xqx:integerConstantExpr>
          </xqx:predicates>
        </xqx:stepExpr>
      </xqx:pathExpr>
    </xqx:queryBody>
  </xqx:mainModule>
</xqx:module>
