<?xml version="1.0"?>
<xqx:module xmlns:xqx="http://www.w3.org/2005/XQueryX"
            xmlns:xsi="http://www.w3.org/2001/XMLSchema-instance"
            xsi:schemaLocation="http://www.w3.org/2005/XQueryX
                                http://www.w3.org/2005/XQueryX/xqueryx.xsd">
  <xqx:mainModule>
    <xqx:queryBody>
      <xqx:greaterThanOrEqualOp>
        <xqx:firstOperand>
          <xqx:functionCallExpr>
            <xqx:functionName xqx:prefix="fn">true</xqx:functionName>
            <xqx:arguments>
            </xqx:arguments>
          </xqx:functionCallExpr>
        </xqx:firstOperand>
        <xqx:secondOperand>
          <xqx:functionCallExpr>
            <xqx:functionName xqx:prefix="fn">true</xqx:functionName>
            <xqx:arguments>
            </xqx:arguments>
          </xqx:functionCallExpr>
        </xqx:secondOperand>
      </xqx:greaterThanOrEqualOp>
    </xqx:queryBody>
  </xqx:mainModule>
</xqx:module>
