<?xml version="1.0"?>
<xqx:module xmlns:xqx="http://www.w3.org/2005/XQueryX"
            xmlns:xsi="http://www.w3.org/2001/XMLSchema-instance"
            xsi:schemaLocation="http://www.w3.org/2005/XQueryX
                                http://www.w3.org/2005/XQueryX/xqueryx.xsd">
  <xqx:mainModule>
    <xqx:queryBody>
      <xqx:flworExpr>
        <xqx:letClause>
          <xqx:letClauseItem>
            <xqx:typedVariableBinding>
              <xqx:varName>t</xqx:varName>
            </xqx:typedVariableBinding>
            <xqx:letExpr>
              <xqx:namedFunctionRef>
                <xqx:functionName>true</xqx:functionName>
                <xqx:integerConstantExpr>
                  <xqx:value>0</xqx:value>
                </xqx:integerConstantExpr>
              </xqx:namedFunctionRef>
            </xqx:letExpr>
          </xqx:letClauseItem>
        </xqx:letClause>
        <xqx:returnClause>
          <xqx:pathExpr>
            <xqx:stepExpr>
              <xqx:filterExpr>
                <xqx:integerConstantExpr>
                  <xqx:value>3</xqx:value>
                </xqx:integerConstantExpr>
              </xqx:filterExpr>
              <xqx:predicates>
                <xqx:pathExpr>
                  <xqx:stepExpr>
                    <xqx:filterExpr>
                      <xqx:dynamicFunctionInvocationExpr>
                        <xqx:functionItem>
                          <xqx:varRef>
                            <xqx:name>t</xqx:name>
                          </xqx:varRef>
                        </xqx:functionItem>
                      </xqx:dynamicFunctionInvocationExpr>
                    </xqx:filterExpr>
                  </xqx:stepExpr>
                </xqx:pathExpr>
              </xqx:predicates>
            </xqx:stepExpr>
          </xqx:pathExpr>
        </xqx:returnClause>
      </xqx:flworExpr>
    </xqx:queryBody>
  </xqx:mainModule>
</xqx:module>
