<?xml version="1.0"?>
<xqx:module xmlns:xqx="http://www.w3.org/2005/XQueryX"
            xmlns:xsi="http://www.w3.org/2001/XMLSchema-instance"
            xsi:schemaLocation="http://www.w3.org/2005/XQueryX
                                http://www.w3.org/2005/XQueryX/xqueryx.xsd">
  <xqx:mainModule>
    <xqx:queryBody>
      <xqx:functionCallExpr>
        <xqx:functionName>boolean</xqx:functionName>
        <xqx:arguments>
          <xqx:functionCallExpr>
            <xqx:functionName>translate</xqx:functionName>
            <xqx:arguments>
              <xqx:functionCallExpr>
                <xqx:functionName>string-join</xqx:functionName>
                <xqx:arguments>
                  <xqx:flworExpr>
                    <xqx:forClause>
                      <xqx:forClauseItem>
                        <xqx:typedVariableBinding>
                          <xqx:varName>x</xqx:varName>
                        </xqx:typedVariableBinding>
                        <xqx:forExpr>
                          <xqx:rangeSequenceExpr>
                            <xqx:startExpr>
                              <xqx:integerConstantExpr>
                                <xqx:value>1</xqx:value>
                              </xqx:integerConstantExpr>
                            </xqx:startExpr>
                            <xqx:endExpr>
                              <xqx:integerConstantExpr>
                                <xqx:value>10</xqx:value>
                              </xqx:integerConstantExpr>
                            </xqx:endExpr>
                          </xqx:rangeSequenceExpr>
                        </xqx:forExpr>
                      </xqx:forClauseItem>
                    </xqx:forClause>
                    <xqx:returnClause>
                      <xqx:stringConstantExpr>
                        <xqx:value>blah</xqx:value>
                      </xqx:stringConstantExpr>
                    </xqx:returnClause>
                  </xqx:flworExpr>
                  <xqx:stringConstantExpr>
                    <xqx:value>-</xqx:value>
                  </xqx:stringConstantExpr>
                </xqx:arguments>
              </xqx:functionCallExpr>
              <xqx:functionCallExpr>
                <xqx:functionName>exactly-one</xqx:functionName>
                <xqx:arguments>
                  <xqx:pathExpr>
                    <xqx:stepExpr>
                      <xqx:filterExpr>
                        <xqx:sequenceExpr>
                          <xqx:sequenceExpr>
                            <xqx:stringConstantExpr>
                              <xqx:value>--</xqx:value>
                            </xqx:stringConstantExpr>
                            <xqx:stringConstantExpr>
                              <xqx:value>==</xqx:value>
                            </xqx:stringConstantExpr>
                          </xqx:sequenceExpr>
                        </xqx:sequenceExpr>
                      </xqx:filterExpr>
                      <xqx:predicates>
                        <xqx:equalOp>
                          <xqx:firstOperand>
                            <xqx:modOp>
                              <xqx:firstOperand>
                                <xqx:functionCallExpr>
                                  <xqx:functionName>position</xqx:functionName>
                                  <xqx:arguments>
                                  </xqx:arguments>
                                </xqx:functionCallExpr>
                              </xqx:firstOperand>
                              <xqx:secondOperand>
                                <xqx:integerConstantExpr>
                                  <xqx:value>2</xqx:value>
                                </xqx:integerConstantExpr>
                              </xqx:secondOperand>
                            </xqx:modOp>
                          </xqx:firstOperand>
                          <xqx:secondOperand>
                            <xqx:integerConstantExpr>
                              <xqx:value>0</xqx:value>
                            </xqx:integerConstantExpr>
                          </xqx:secondOperand>
                        </xqx:equalOp>
                      </xqx:predicates>
                    </xqx:stepExpr>
                  </xqx:pathExpr>
                </xqx:arguments>
              </xqx:functionCallExpr>
              <xqx:stringConstantExpr>
                <xqx:value>__</xqx:value>
              </xqx:stringConstantExpr>
            </xqx:arguments>
          </xqx:functionCallExpr>
        </xqx:arguments>
      </xqx:functionCallExpr>
    </xqx:queryBody>
  </xqx:mainModule>
</xqx:module>
