<?xml version="1.0"?>
<xqx:module xmlns:xqx="http://www.w3.org/2005/XQueryX"
            xmlns:xsi="http://www.w3.org/2001/XMLSchema-instance"
            xsi:schemaLocation="http://www.w3.org/2005/XQueryX
                                http://www.w3.org/2005/XQueryX/xqueryx.xsd">
  <xqx:mainModule>
    <xqx:queryBody>
      <xqx:functionCallExpr>
        <xqx:functionName>translate</xqx:functionName>
        <xqx:arguments>
          <xqx:functionCallExpr>
            <xqx:functionName>codepoints-to-string</xqx:functionName>
            <xqx:arguments>
              <xqx:rangeSequenceExpr>
                <xqx:startExpr>
                  <xqx:integerConstantExpr>
                    <xqx:value>65536</xqx:value>
                  </xqx:integerConstantExpr>
                </xqx:startExpr>
                <xqx:endExpr>
                  <xqx:integerConstantExpr>
                    <xqx:value>65537</xqx:value>
                  </xqx:integerConstantExpr>
                </xqx:endExpr>
              </xqx:rangeSequenceExpr>
            </xqx:arguments>
          </xqx:functionCallExpr>
          <xqx:functionCallExpr>
            <xqx:functionName>codepoints-to-string</xqx:functionName>
            <xqx:arguments>
              <xqx:rangeSequenceExpr>
                <xqx:startExpr>
                  <xqx:integerConstantExpr>
                    <xqx:value>65536</xqx:value>
                  </xqx:integerConstantExpr>
                </xqx:startExpr>
                <xqx:endExpr>
                  <xqx:integerConstantExpr>
                    <xqx:value>65537</xqx:value>
                  </xqx:integerConstantExpr>
                </xqx:endExpr>
              </xqx:rangeSequenceExpr>
            </xqx:arguments>
          </xqx:functionCallExpr>
          <xqx:stringConstantExpr>
            <xqx:value>l</xqx:value>
          </xqx:stringConstantExpr>
        </xqx:arguments>
      </xqx:functionCallExpr>
    </xqx:queryBody>
  </xqx:mainModule>
</xqx:module>
