<?xml version="1.0"?>
<xqx:module xmlns:xqx="http://www.w3.org/2005/XQueryX"
            xmlns:xsi="http://www.w3.org/2001/XMLSchema-instance"
            xsi:schemaLocation="http://www.w3.org/2005/XQueryX
                                http://www.w3.org/2005/XQueryX/xqueryx.xsd">
  <xqx:mainModule>
    <xqx:queryBody>
      <xqx:functionCallExpr>
        <xqx:functionName xqx:prefix="fn">trace</xqx:functionName>
        <xqx:arguments>
          <xqx:multiplyOp>
            <xqx:firstOperand>
              <xqx:functionCallExpr>
                <xqx:functionName xqx:prefix="fn">avg</xqx:functionName>
                <xqx:arguments>
                  <xqx:sequenceExpr>
                    <xqx:integerConstantExpr>
                      <xqx:value>1</xqx:value>
                    </xqx:integerConstantExpr>
                    <xqx:integerConstantExpr>
                      <xqx:value>3</xqx:value>
                    </xqx:integerConstantExpr>
                    <xqx:integerConstantExpr>
                      <xqx:value>3</xqx:value>
                    </xqx:integerConstantExpr>
                    <xqx:integerConstantExpr>
                      <xqx:value>4</xqx:value>
                    </xqx:integerConstantExpr>
                    <xqx:integerConstantExpr>
                      <xqx:value>5</xqx:value>
                    </xqx:integerConstantExpr>
                  </xqx:sequenceExpr>
                </xqx:arguments>
              </xqx:functionCallExpr>
            </xqx:firstOperand>
            <xqx:secondOperand>
              <xqx:integerConstantExpr>
                <xqx:value>2</xqx:value>
              </xqx:integerConstantExpr>
            </xqx:secondOperand>
          </xqx:multiplyOp>
          <xqx:stringConstantExpr>
            <xqx:value>The Value of 'fn:avg((1,3,3,4,5)) * 2' is: </xqx:value>
          </xqx:stringConstantExpr>
        </xqx:arguments>
      </xqx:functionCallExpr>
    </xqx:queryBody>
  </xqx:mainModule>
</xqx:module>
