<?xml version="1.0"?>
<xqx:module xmlns:xqx="http://www.w3.org/2005/XQueryX"
            xmlns:xsi="http://www.w3.org/2001/XMLSchema-instance"
            xsi:schemaLocation="http://www.w3.org/2005/XQueryX
                                http://www.w3.org/2005/XQueryX/xqueryx.xsd">
  <xqx:mainModule>
    <xqx:queryBody>
      <xqx:functionCallExpr>
        <xqx:functionName xqx:prefix="fn">trace</xqx:functionName>
        <xqx:arguments>
          <xqx:flworExpr>
            <xqx:forClause>
              <xqx:forClauseItem>
                <xqx:typedVariableBinding>
                  <xqx:varName>var</xqx:varName>
                </xqx:typedVariableBinding>
                <xqx:forExpr>
                  <xqx:pathExpr>
                    <xqx:rootExpr/>
                    <xqx:stepExpr>
                      <xqx:xpathAxis>child</xqx:xpathAxis>
                      <xqx:nameTest>works</xqx:nameTest>
                    </xqx:stepExpr>
                    <xqx:stepExpr>
                      <xqx:xpathAxis>descendant-or-self</xqx:xpathAxis>
                      <xqx:anyKindTest/>
                    </xqx:stepExpr>
                    <xqx:stepExpr>
                      <xqx:xpathAxis>child</xqx:xpathAxis>
                      <xqx:nameTest>hours</xqx:nameTest>
                    </xqx:stepExpr>
                  </xqx:pathExpr>
                </xqx:forExpr>
              </xqx:forClauseItem>
            </xqx:forClause>
            <xqx:returnClause>
              <xqx:addOp>
                <xqx:firstOperand>
                  <xqx:varRef>
                    <xqx:name>var</xqx:name>
                  </xqx:varRef>
                </xqx:firstOperand>
                <xqx:secondOperand>
                  <xqx:varRef>
                    <xqx:name>var</xqx:name>
                  </xqx:varRef>
                </xqx:secondOperand>
              </xqx:addOp>
            </xqx:returnClause>
          </xqx:flworExpr>
          <xqx:stringConstantExpr>
            <xqx:value>The Value of the given expression is: </xqx:value>
          </xqx:stringConstantExpr>
        </xqx:arguments>
      </xqx:functionCallExpr>
    </xqx:queryBody>
  </xqx:mainModule>
</xqx:module>
