<?xml version="1.0"?>
<xqx:module xmlns:xqx="http://www.w3.org/2005/XQueryX"
            xmlns:xsi="http://www.w3.org/2001/XMLSchema-instance"
            xsi:schemaLocation="http://www.w3.org/2005/XQueryX
                                http://www.w3.org/2005/XQueryX/xqueryx.xsd">
  <xqx:mainModule>
    <xqx:queryBody>
      <xqx:functionCallExpr>
        <xqx:functionName xqx:prefix="fn">trace</xqx:functionName>
        <xqx:arguments>
          <xqx:functionCallExpr>
            <xqx:functionName xqx:prefix="fn">trace</xqx:functionName>
            <xqx:arguments>
              <xqx:addOp>
                <xqx:firstOperand>
                  <xqx:integerConstantExpr>
                    <xqx:value>2</xqx:value>
                  </xqx:integerConstantExpr>
                </xqx:firstOperand>
                <xqx:secondOperand>
                  <xqx:integerConstantExpr>
                    <xqx:value>2</xqx:value>
                  </xqx:integerConstantExpr>
                </xqx:secondOperand>
              </xqx:addOp>
              <xqx:stringConstantExpr>
                <xqx:value>The value of '2 + 2' is:</xqx:value>
              </xqx:stringConstantExpr>
            </xqx:arguments>
          </xqx:functionCallExpr>
          <xqx:stringConstantExpr>
            <xqx:value>The Value of 'fn:trace(2+2)' is: </xqx:value>
          </xqx:stringConstantExpr>
        </xqx:arguments>
      </xqx:functionCallExpr>
    </xqx:queryBody>
  </xqx:mainModule>
</xqx:module>
