<?xml version="1.0"?>
<xqx:module xmlns:xqx="http://www.w3.org/2005/XQueryX"
            xmlns:xsi="http://www.w3.org/2001/XMLSchema-instance"
            xsi:schemaLocation="http://www.w3.org/2005/XQueryX
                                http://www.w3.org/2005/XQueryX/xqueryx.xsd">
  <xqx:mainModule>
    <xqx:queryBody>
      <xqx:flworExpr>
        <xqx:forClause>
          <xqx:forClauseItem>
            <xqx:typedVariableBinding>
              <xqx:varName>var</xqx:varName>
            </xqx:typedVariableBinding>
            <xqx:forExpr>
              <xqx:sequenceExpr>
                <xqx:stringConstantExpr>
                  <xqx:value>aa</xqx:value>
                </xqx:stringConstantExpr>
                <xqx:stringConstantExpr>
                  <xqx:value>bb</xqx:value>
                </xqx:stringConstantExpr>
                <xqx:stringConstantExpr>
                  <xqx:value>cc</xqx:value>
                </xqx:stringConstantExpr>
                <xqx:stringConstantExpr>
                  <xqx:value>dd</xqx:value>
                </xqx:stringConstantExpr>
                <xqx:stringConstantExpr>
                  <xqx:value>ee</xqx:value>
                </xqx:stringConstantExpr>
              </xqx:sequenceExpr>
            </xqx:forExpr>
          </xqx:forClauseItem>
        </xqx:forClause>
        <xqx:returnClause>
          <xqx:functionCallExpr>
            <xqx:functionName xqx:prefix="fn">trace</xqx:functionName>
            <xqx:arguments>
              <xqx:functionCallExpr>
                <xqx:functionName xqx:prefix="fn">concat</xqx:functionName>
                <xqx:arguments>
                  <xqx:varRef>
                    <xqx:name>var</xqx:name>
                  </xqx:varRef>
                  <xqx:varRef>
                    <xqx:name>var</xqx:name>
                  </xqx:varRef>
                </xqx:arguments>
              </xqx:functionCallExpr>
              <xqx:stringConstantExpr>
                <xqx:value>The Value of concat($var,$var) is: </xqx:value>
              </xqx:stringConstantExpr>
            </xqx:arguments>
          </xqx:functionCallExpr>
        </xqx:returnClause>
      </xqx:flworExpr>
    </xqx:queryBody>
  </xqx:mainModule>
</xqx:module>
