<?xml version="1.0"?>
<xqx:module xmlns:xqx="http://www.w3.org/2005/XQueryX"
            xmlns:xsi="http://www.w3.org/2001/XMLSchema-instance"
            xsi:schemaLocation="http://www.w3.org/2005/XQueryX
                                http://www.w3.org/2005/XQueryX/xqueryx.xsd">
  <xqx:mainModule>
    <xqx:queryBody>
      <xqx:functionCallExpr>
        <xqx:functionName xqx:prefix="fn">trace</xqx:functionName>
        <xqx:arguments>
          <xqx:flworExpr>
            <xqx:forClause>
              <xqx:forClauseItem>
                <xqx:typedVariableBinding>
                  <xqx:varName>var</xqx:varName>
                </xqx:typedVariableBinding>
                <xqx:forExpr>
                  <xqx:sequenceExpr>
                    <xqx:functionCallExpr>
                      <xqx:functionName xqx:prefix="fn">upper-case</xqx:functionName>
                      <xqx:arguments>
                        <xqx:stringConstantExpr>
                          <xqx:value>a</xqx:value>
                        </xqx:stringConstantExpr>
                      </xqx:arguments>
                    </xqx:functionCallExpr>
                    <xqx:functionCallExpr>
                      <xqx:functionName xqx:prefix="fn">lower-case</xqx:functionName>
                      <xqx:arguments>
                        <xqx:stringConstantExpr>
                          <xqx:value>B</xqx:value>
                        </xqx:stringConstantExpr>
                      </xqx:arguments>
                    </xqx:functionCallExpr>
                  </xqx:sequenceExpr>
                </xqx:forExpr>
              </xqx:forClauseItem>
            </xqx:forClause>
            <xqx:returnClause>
              <xqx:sequenceExpr>
                <xqx:functionCallExpr>
                  <xqx:functionName xqx:prefix="fn">lower-case</xqx:functionName>
                  <xqx:arguments>
                    <xqx:varRef>
                      <xqx:name>var</xqx:name>
                    </xqx:varRef>
                  </xqx:arguments>
                </xqx:functionCallExpr>
                <xqx:functionCallExpr>
                  <xqx:functionName xqx:prefix="fn">upper-case</xqx:functionName>
                  <xqx:arguments>
                    <xqx:varRef>
                      <xqx:name>var</xqx:name>
                    </xqx:varRef>
                  </xqx:arguments>
                </xqx:functionCallExpr>
              </xqx:sequenceExpr>
            </xqx:returnClause>
          </xqx:flworExpr>
          <xqx:stringConstantExpr>
            <xqx:value>The value of the complex expression on the other argument is:</xqx:value>
          </xqx:stringConstantExpr>
        </xqx:arguments>
      </xqx:functionCallExpr>
    </xqx:queryBody>
  </xqx:mainModule>
</xqx:module>
