<?xml version="1.0"?>
<xqx:module xmlns:xqx="http://www.w3.org/2005/XQueryX"
            xmlns:xsi="http://www.w3.org/2001/XMLSchema-instance"
            xsi:schemaLocation="http://www.w3.org/2005/XQueryX
                                http://www.w3.org/2005/XQueryX/xqueryx.xsd">
  <xqx:mainModule>
    <xqx:queryBody>
      <xqx:functionCallExpr>
        <xqx:functionName xqx:prefix="fn">trace</xqx:functionName>
        <xqx:arguments>
          <xqx:flworExpr>
            <xqx:forClause>
              <xqx:forClauseItem>
                <xqx:typedVariableBinding>
                  <xqx:varName>var</xqx:varName>
                </xqx:typedVariableBinding>
                <xqx:forExpr>
                  <xqx:sequenceExpr>
                    <xqx:decimalConstantExpr>
                      <xqx:value>1.1</xqx:value>
                    </xqx:decimalConstantExpr>
                    <xqx:decimalConstantExpr>
                      <xqx:value>2.2</xqx:value>
                    </xqx:decimalConstantExpr>
                    <xqx:decimalConstantExpr>
                      <xqx:value>3.3</xqx:value>
                    </xqx:decimalConstantExpr>
                    <xqx:decimalConstantExpr>
                      <xqx:value>4.4</xqx:value>
                    </xqx:decimalConstantExpr>
                    <xqx:decimalConstantExpr>
                      <xqx:value>5.5</xqx:value>
                    </xqx:decimalConstantExpr>
                  </xqx:sequenceExpr>
                </xqx:forExpr>
              </xqx:forClauseItem>
            </xqx:forClause>
            <xqx:returnClause>
              <xqx:functionCallExpr>
                <xqx:functionName xqx:prefix="xs">integer</xqx:functionName>
                <xqx:arguments>
                  <xqx:varRef>
                    <xqx:name>var</xqx:name>
                  </xqx:varRef>
                </xqx:arguments>
              </xqx:functionCallExpr>
            </xqx:returnClause>
          </xqx:flworExpr>
          <xqx:stringConstantExpr>
            <xqx:value>The Value of 'for $var in (1.1,2.2,3.3,4.4,5.5) return xs:float($var)' is: </xqx:value>
          </xqx:stringConstantExpr>
        </xqx:arguments>
      </xqx:functionCallExpr>
    </xqx:queryBody>
  </xqx:mainModule>
</xqx:module>
