<?xml version="1.0"?>
<xqx:module xmlns:xqx="http://www.w3.org/2005/XQueryX"
            xmlns:xsi="http://www.w3.org/2001/XMLSchema-instance"
            xsi:schemaLocation="http://www.w3.org/2005/XQueryX
                                http://www.w3.org/2005/XQueryX/xqueryx.xsd">
  <xqx:mainModule>
    <xqx:queryBody>
      <xqx:flworExpr>
        <xqx:forClause>
          <xqx:forClauseItem>
            <xqx:typedVariableBinding>
              <xqx:varName>var</xqx:varName>
            </xqx:typedVariableBinding>
            <xqx:forExpr>
              <xqx:sequenceExpr>
                <xqx:integerConstantExpr>
                  <xqx:value>2</xqx:value>
                </xqx:integerConstantExpr>
                <xqx:integerConstantExpr>
                  <xqx:value>3</xqx:value>
                </xqx:integerConstantExpr>
                <xqx:integerConstantExpr>
                  <xqx:value>4</xqx:value>
                </xqx:integerConstantExpr>
                <xqx:integerConstantExpr>
                  <xqx:value>5</xqx:value>
                </xqx:integerConstantExpr>
              </xqx:sequenceExpr>
            </xqx:forExpr>
          </xqx:forClauseItem>
        </xqx:forClause>
        <xqx:returnClause>
          <xqx:functionCallExpr>
            <xqx:functionName xqx:prefix="fn">trace</xqx:functionName>
            <xqx:arguments>
              <xqx:subtractOp>
                <xqx:firstOperand>
                  <xqx:varRef>
                    <xqx:name>var</xqx:name>
                  </xqx:varRef>
                </xqx:firstOperand>
                <xqx:secondOperand>
                  <xqx:integerConstantExpr>
                    <xqx:value>1</xqx:value>
                  </xqx:integerConstantExpr>
                </xqx:secondOperand>
              </xqx:subtractOp>
              <xqx:stringConstantExpr>
                <xqx:value>The Value of $var - 1 is: </xqx:value>
              </xqx:stringConstantExpr>
            </xqx:arguments>
          </xqx:functionCallExpr>
        </xqx:returnClause>
      </xqx:flworExpr>
    </xqx:queryBody>
  </xqx:mainModule>
</xqx:module>
