<?xml version="1.0"?>
<xqx:module xmlns:xqx="http://www.w3.org/2005/XQueryX"
            xmlns:xsi="http://www.w3.org/2001/XMLSchema-instance"
            xsi:schemaLocation="http://www.w3.org/2005/XQueryX
                                http://www.w3.org/2005/XQueryX/xqueryx.xsd">
  <xqx:mainModule>
    <xqx:queryBody>
      <xqx:flworExpr>
        <xqx:letClause>
          <xqx:letClauseItem>
            <xqx:typedVariableBinding>
              <xqx:varName>var</xqx:varName>
            </xqx:typedVariableBinding>
            <xqx:letExpr>
              <xqx:functionCallExpr>
                <xqx:functionName xqx:prefix="xs">integer</xqx:functionName>
                <xqx:arguments>
                  <xqx:stringConstantExpr>
                    <xqx:value>123</xqx:value>
                  </xqx:stringConstantExpr>
                </xqx:arguments>
              </xqx:functionCallExpr>
            </xqx:letExpr>
          </xqx:letClauseItem>
        </xqx:letClause>
        <xqx:returnClause>
          <xqx:functionCallExpr>
            <xqx:functionName xqx:prefix="fn">trace</xqx:functionName>
            <xqx:arguments>
              <xqx:varRef>
                <xqx:name>var</xqx:name>
              </xqx:varRef>
              <xqx:stringConstantExpr>
                <xqx:value>The Value of $var is: </xqx:value>
              </xqx:stringConstantExpr>
            </xqx:arguments>
          </xqx:functionCallExpr>
        </xqx:returnClause>
      </xqx:flworExpr>
    </xqx:queryBody>
  </xqx:mainModule>
</xqx:module>
