<?xml version="1.0"?>
<xqx:module xmlns:xqx="http://www.w3.org/2005/XQueryX"
            xmlns:xsi="http://www.w3.org/2001/XMLSchema-instance"
            xsi:schemaLocation="http://www.w3.org/2005/XQueryX
                                http://www.w3.org/2005/XQueryX/xqueryx.xsd">
  <xqx:mainModule>
    <xqx:queryBody>
      <xqx:instanceOfExpr>
        <xqx:argExpr>
          <xqx:functionCallExpr>
            <xqx:functionName>timezone-from-time</xqx:functionName>
            <xqx:arguments>
              <xqx:sequenceExpr/>
            </xqx:arguments>
          </xqx:functionCallExpr>
        </xqx:argExpr>
        <xqx:sequenceType>
          <xqx:atomicType xqx:prefix="xs">dayTimeDuration</xqx:atomicType>
          <xqx:occurrenceIndicator>?</xqx:occurrenceIndicator>
        </xqx:sequenceType>
      </xqx:instanceOfExpr>
    </xqx:queryBody>
  </xqx:mainModule>
</xqx:module>
