<?xml version="1.0"?>
<xqx:module xmlns:xqx="http://www.w3.org/2005/XQueryX"
            xmlns:xsi="http://www.w3.org/2001/XMLSchema-instance"
            xsi:schemaLocation="http://www.w3.org/2005/XQueryX
                                http://www.w3.org/2005/XQueryX/xqueryx.xsd">
  <xqx:mainModule>
    <xqx:queryBody>
      <xqx:functionCallExpr>
        <xqx:functionName xqx:prefix="fn">unparsed-text-lines</xqx:functionName>
        <xqx:arguments>
          <xqx:stringConstantExpr>
            <xqx:value>does-not-exist.txt</xqx:value>
          </xqx:stringConstantExpr>
          <xqx:stringConstantExpr>
            <xqx:value>utf-8</xqx:value>
          </xqx:stringConstantExpr>
        </xqx:arguments>
      </xqx:functionCallExpr>
    </xqx:queryBody>
  </xqx:mainModule>
</xqx:module>
