<?xml version="1.0"?>
<xqx:module xmlns:xqx="http://www.w3.org/2005/XQueryX"
            xmlns:xsi="http://www.w3.org/2001/XMLSchema-instance"
            xsi:schemaLocation="http://www.w3.org/2005/XQueryX
                                http://www.w3.org/2005/XQueryX/xqueryx.xsd">
  <xqx:mainModule>
    <xqx:queryBody>
      <xqx:simpleMapExpr>
        <xqx:pathExpr>
          <xqx:stepExpr>
            <xqx:filterExpr>
              <xqx:functionCallExpr>
                <xqx:functionName xqx:prefix="fn">unparsed-text-lines</xqx:functionName>
                <xqx:arguments>
                  <xqx:stringConstantExpr>
                    <xqx:value>http://www.w3.org/fots/unparsed-text/text-plain-utf-16le-bom-lines.txt</xqx:value>
                  </xqx:stringConstantExpr>
                </xqx:arguments>
              </xqx:functionCallExpr>
            </xqx:filterExpr>
          </xqx:stepExpr>
        </xqx:pathExpr>
        <xqx:pathExpr>
          <xqx:stepExpr>
            <xqx:filterExpr>
              <xqx:functionCallExpr>
                <xqx:functionName>string-length</xqx:functionName>
                <xqx:arguments>
                  <xqx:contextItemExpr/>
                </xqx:arguments>
              </xqx:functionCallExpr>
            </xqx:filterExpr>
          </xqx:stepExpr>
        </xqx:pathExpr>
      </xqx:simpleMapExpr>
    </xqx:queryBody>
  </xqx:mainModule>
</xqx:module>
