<?xml version="1.0"?>
<xqx:module xmlns:xqx="http://www.w3.org/2005/XQueryX"
            xmlns:xsi="http://www.w3.org/2001/XMLSchema-instance"
            xsi:schemaLocation="http://www.w3.org/2005/XQueryX
                                http://www.w3.org/2005/XQueryX/xqueryx.xsd">
  <xqx:mainModule>
    <xqx:queryBody>
      <xqx:andOp>
        <xqx:firstOperand>
          <xqx:functionCallExpr>
            <xqx:functionName xqx:prefix="fn">upper-case</xqx:functionName>
            <xqx:arguments>
              <xqx:stringConstantExpr>
                <xqx:value>abc</xqx:value>
              </xqx:stringConstantExpr>
            </xqx:arguments>
          </xqx:functionCallExpr>
        </xqx:firstOperand>
        <xqx:secondOperand>
          <xqx:functionCallExpr>
            <xqx:functionName xqx:prefix="fn">upper-case</xqx:functionName>
            <xqx:arguments>
              <xqx:stringConstantExpr>
                <xqx:value>abc</xqx:value>
              </xqx:stringConstantExpr>
            </xqx:arguments>
          </xqx:functionCallExpr>
        </xqx:secondOperand>
      </xqx:andOp>
    </xqx:queryBody>
  </xqx:mainModule>
</xqx:module>
