<?xml version="1.0"?>
<xqx:module xmlns:xqx="http://www.w3.org/2005/XQueryX"
            xmlns:xsi="http://www.w3.org/2001/XMLSchema-instance"
            xsi:schemaLocation="http://www.w3.org/2005/XQueryX
                                http://www.w3.org/2005/XQueryX/xqueryx.xsd">
  <xqx:mainModule>
    <xqx:queryBody>
      <xqx:functionCallExpr>
        <xqx:functionName xqx:prefix="fn">avg</xqx:functionName>
        <xqx:arguments>
          <xqx:sequenceExpr>
            <xqx:functionCallExpr>
              <xqx:functionName xqx:prefix="fn">year-from-dateTime</xqx:functionName>
              <xqx:arguments>
                <xqx:functionCallExpr>
                  <xqx:functionName xqx:prefix="xs">dateTime</xqx:functionName>
                  <xqx:arguments>
                    <xqx:stringConstantExpr>
                      <xqx:value>1996-12-31T12:00:00Z</xqx:value>
                    </xqx:stringConstantExpr>
                  </xqx:arguments>
                </xqx:functionCallExpr>
              </xqx:arguments>
            </xqx:functionCallExpr>
            <xqx:functionCallExpr>
              <xqx:functionName xqx:prefix="fn">year-from-dateTime</xqx:functionName>
              <xqx:arguments>
                <xqx:functionCallExpr>
                  <xqx:functionName xqx:prefix="xs">dateTime</xqx:functionName>
                  <xqx:arguments>
                    <xqx:stringConstantExpr>
                      <xqx:value>2000-12-31T12:00:00Z</xqx:value>
                    </xqx:stringConstantExpr>
                  </xqx:arguments>
                </xqx:functionCallExpr>
              </xqx:arguments>
            </xqx:functionCallExpr>
          </xqx:sequenceExpr>
        </xqx:arguments>
      </xqx:functionCallExpr>
    </xqx:queryBody>
  </xqx:mainModule>
</xqx:module>
