<?xml version="1.0"?>
<xqx:module xmlns:xqx="http://www.w3.org/2005/XQueryX"
            xmlns:xsi="http://www.w3.org/2001/XMLSchema-instance"
            xsi:schemaLocation="http://www.w3.org/2005/XQueryX
                                http://www.w3.org/2005/XQueryX/xqueryx.xsd">
  <xqx:mainModule>
    <xqx:queryBody>
      <xqx:functionCallExpr>
        <xqx:functionName>boolean</xqx:functionName>
        <xqx:arguments>
          <xqx:functionCallExpr>
            <xqx:functionName>unordered</xqx:functionName>
            <xqx:arguments>
              <xqx:functionCallExpr>
                <xqx:functionName>reverse</xqx:functionName>
                <xqx:arguments>
                  <xqx:pathExpr>
                    <xqx:stepExpr>
                      <xqx:filterExpr>
                        <xqx:sequenceExpr>
                          <xqx:rangeSequenceExpr>
                            <xqx:startExpr>
                              <xqx:integerConstantExpr>
                                <xqx:value>1</xqx:value>
                              </xqx:integerConstantExpr>
                            </xqx:startExpr>
                            <xqx:endExpr>
                              <xqx:integerConstantExpr>
                                <xqx:value>10</xqx:value>
                              </xqx:integerConstantExpr>
                            </xqx:endExpr>
                          </xqx:rangeSequenceExpr>
                        </xqx:sequenceExpr>
                      </xqx:filterExpr>
                      <xqx:predicates>
                        <xqx:equalOp>
                          <xqx:firstOperand>
                            <xqx:divOp>
                              <xqx:firstOperand>
                                <xqx:contextItemExpr/>
                              </xqx:firstOperand>
                              <xqx:secondOperand>
                                <xqx:integerConstantExpr>
                                  <xqx:value>2</xqx:value>
                                </xqx:integerConstantExpr>
                              </xqx:secondOperand>
                            </xqx:divOp>
                          </xqx:firstOperand>
                          <xqx:secondOperand>
                            <xqx:integerConstantExpr>
                              <xqx:value>2</xqx:value>
                            </xqx:integerConstantExpr>
                          </xqx:secondOperand>
                        </xqx:equalOp>
                      </xqx:predicates>
                    </xqx:stepExpr>
                  </xqx:pathExpr>
                </xqx:arguments>
              </xqx:functionCallExpr>
            </xqx:arguments>
          </xqx:functionCallExpr>
        </xqx:arguments>
      </xqx:functionCallExpr>
    </xqx:queryBody>
  </xqx:mainModule>
</xqx:module>
