<?xml version="1.0"?>
<xqx:module xmlns:xqx="http://www.w3.org/2005/XQueryX"
            xmlns:xsi="http://www.w3.org/2001/XMLSchema-instance"
            xsi:schemaLocation="http://www.w3.org/2005/XQueryX
                                http://www.w3.org/2005/XQueryX/xqueryx.xsd">
  <xqx:mainModule>
    <xqx:queryBody>
      <xqx:functionCallExpr>
        <xqx:functionName>local-name</xqx:functionName>
        <xqx:arguments>
          <xqx:functionCallExpr>
            <xqx:functionName>unordered</xqx:functionName>
            <xqx:arguments>
              <xqx:pathExpr>
                <xqx:stepExpr>
                  <xqx:filterExpr>
                    <xqx:elementConstructor>
                      <xqx:tagName>a</xqx:tagName>
                      <xqx:elementContent>
                        <xqx:elementConstructor>
                          <xqx:tagName>b</xqx:tagName>
                        </xqx:elementConstructor>
                        <xqx:elementConstructor>
                          <xqx:tagName>c</xqx:tagName>
                        </xqx:elementConstructor>
                      </xqx:elementContent>
                    </xqx:elementConstructor>
                  </xqx:filterExpr>
                </xqx:stepExpr>
                <xqx:stepExpr>
                  <xqx:xpathAxis>child</xqx:xpathAxis>
                  <xqx:Wildcard/>
                  <xqx:predicates>
                    <xqx:integerConstantExpr>
                      <xqx:value>1</xqx:value>
                    </xqx:integerConstantExpr>
                  </xqx:predicates>
                </xqx:stepExpr>
              </xqx:pathExpr>
            </xqx:arguments>
          </xqx:functionCallExpr>
        </xqx:arguments>
      </xqx:functionCallExpr>
    </xqx:queryBody>
  </xqx:mainModule>
</xqx:module>
