<?xml version="1.0"?>
<xqx:module xmlns:xqx="http://www.w3.org/2005/XQueryX"
            xmlns:xsi="http://www.w3.org/2001/XMLSchema-instance"
            xsi:schemaLocation="http://www.w3.org/2005/XQueryX
                                http://www.w3.org/2005/XQueryX/xqueryx.xsd">
  <xqx:mainModule>
    <xqx:queryBody>
      <xqx:functionCallExpr>
        <xqx:functionName xqx:prefix="fn">unordered</xqx:functionName>
        <xqx:arguments>
          <xqx:sequenceExpr>
            <xqx:stringConstantExpr>
              <xqx:value>a</xqx:value>
            </xqx:stringConstantExpr>
            <xqx:functionCallExpr>
              <xqx:functionName xqx:prefix="xs">anyURI</xqx:functionName>
              <xqx:arguments>
                <xqx:stringConstantExpr>
                  <xqx:value>www.example.com</xqx:value>
                </xqx:stringConstantExpr>
              </xqx:arguments>
            </xqx:functionCallExpr>
            <xqx:stringConstantExpr>
              <xqx:value>b</xqx:value>
            </xqx:stringConstantExpr>
            <xqx:stringConstantExpr>
              <xqx:value>c</xqx:value>
            </xqx:stringConstantExpr>
          </xqx:sequenceExpr>
        </xqx:arguments>
      </xqx:functionCallExpr>
    </xqx:queryBody>
  </xqx:mainModule>
</xqx:module>
