<?xml version="1.0"?>
<xqx:module xmlns:xqx="http://www.w3.org/2005/XQueryX"
            xmlns:xsi="http://www.w3.org/2001/XMLSchema-instance"
            xsi:schemaLocation="http://www.w3.org/2005/XQueryX
                                http://www.w3.org/2005/XQueryX/xqueryx.xsd">
  <xqx:mainModule>
    <xqx:queryBody>
      <xqx:functionCallExpr>
        <xqx:functionName xqx:prefix="fn">unordered</xqx:functionName>
        <xqx:arguments>
          <xqx:sequenceExpr>
            <xqx:stringConstantExpr>
              <xqx:value>c</xqx:value>
            </xqx:stringConstantExpr>
            <xqx:integerConstantExpr>
              <xqx:value>1</xqx:value>
            </xqx:integerConstantExpr>
            <xqx:stringConstantExpr>
              <xqx:value>xzy</xqx:value>
            </xqx:stringConstantExpr>
          </xqx:sequenceExpr>
        </xqx:arguments>
      </xqx:functionCallExpr>
    </xqx:queryBody>
  </xqx:mainModule>
</xqx:module>
