<?xml version="1.0"?>
<xqx:module xmlns:xqx="http://www.w3.org/2005/XQueryX"
            xmlns:xsi="http://www.w3.org/2001/XMLSchema-instance"
            xsi:schemaLocation="http://www.w3.org/2005/XQueryX
                                http://www.w3.org/2005/XQueryX/xqueryx.xsd">
  <xqx:mainModule>
    <xqx:queryBody>
      <xqx:eqOp>
        <xqx:firstOperand>
          <xqx:functionCallExpr>
            <xqx:functionName>count</xqx:functionName>
            <xqx:arguments>
              <xqx:functionCallExpr>
                <xqx:functionName>unordered</xqx:functionName>
                <xqx:arguments>
                  <xqx:sequenceExpr>
                    <xqx:integerConstantExpr>
                      <xqx:value>1</xqx:value>
                    </xqx:integerConstantExpr>
                    <xqx:integerConstantExpr>
                      <xqx:value>2</xqx:value>
                    </xqx:integerConstantExpr>
                    <xqx:integerConstantExpr>
                      <xqx:value>3</xqx:value>
                    </xqx:integerConstantExpr>
                  </xqx:sequenceExpr>
                </xqx:arguments>
              </xqx:functionCallExpr>
            </xqx:arguments>
          </xqx:functionCallExpr>
        </xqx:firstOperand>
        <xqx:secondOperand>
          <xqx:integerConstantExpr>
            <xqx:value>3</xqx:value>
          </xqx:integerConstantExpr>
        </xqx:secondOperand>
      </xqx:eqOp>
    </xqx:queryBody>
  </xqx:mainModule>
</xqx:module>
